epoch,loss_d,loss_g
1,0.25748395919799805,5.9339728355407715
2,0.07266079634428024,7.624405860900879
